skno;sksts;skjsh;skbat;skseq;skref;skdis;sklmd;skuid;skfil_1;skfil_2;skfil_3;skfil_4
1;F;12781;29089;58685;invoice asynchronous;2021-12-25;2021-12-25;bypassing;14235;8411;Wooden;embrace
2;M;96432;12191;76463;index;2021-12-25;2021-12-25;withdrawal;35805;44968;Bhutan Frozen transmit;networks Vanuatu
3;s;75356;93180;89096;Salad best-of-breed;2021-12-25;2021-12-24;dynamic Ac;51;81559;transmit Games Fantastic;withdrawal indexing
4;P;16223;96557;44858;Shoes matrix Health;2021-12-25;2021-12-25;intangible;16717;95889;fault-tolerant;parsing Rustic
5;v;70153;70276;71314;Loan;2021-12-25;2021-12-25;demand-dri;27614;71730;IB Movies;SAS
6;S;68220;31006;47760;edge Agent;2021-12-25;2021-12-25;bricks-and;14028;56009;Pizza JSON Dinar;Enterprise-wide
7;o;37775;14706;87685;Electronics Shoes;2021-12-25;2021-12-25;National m;81976;9269;innovate Rustic Sleek;Health
8;d;59990;8542;9052;Steel Delaware;2021-12-25;2021-12-25;Auto;75065;9245;pixel;online
9;L;26468;86889;47207;well-modulated compr;2021-12-25;2021-12-25;Table;98517;34936;withdrawal connecting;engineer
10;P;81563;40907;10033;Granite Unbranded;2021-12-25;2021-12-25;Infrastruc;83452;29564;Steel Fuerte;Ergonomic
