jtjntx;jtsts;jtdesc;jtsdes;jtlmd;jtouid
9;M;Granite Handcrafted;Plastic Regional Pri;2021-12-25;Somoni onl
2;i;Avon Investment;Associate auxiliary;2021-12-25;Lead Mouse
1;O;Valleys;users Steel methodol;2021-12-25;Street cha
a;p;hack;withdrawal;2021-12-25;clear-thin
d;H;Refined Carolina Sleek;ivory;2021-12-25;transmitti
7;C;Harbor Money B2C;navigate;2021-12-25;Colorado H
8;O;Exclusive;Corporate FTP;2021-12-24;indexing
2;J;e-services;Electronics;2021-12-25;Parks
9;P;Security Auto initiatives;quantifying Ecuador ;2021-12-25;Savings Pl
b;V;target payment Garden;Soft mobile;2021-12-25;Executive
