brcode;brsts;brnam;brlmd;bruid
e7;Refined parse;Utah Ramp;2021-12-24;parsing Human Fall
dd;Metrics deliver;Peso;2021-12-25;Shoes
ca;auxiliary networks;Berkshire Kids collaborative;2021-12-25;yellow Tonga alarm
11;Solomon Granite;Ridge York;2021-12-25;quantifying silver
86;Iowa lavender New;Technician optimize;2021-12-25;Arizona
48;Bedfordshire;Bacon success Timor-Leste;2021-12-25;system GB
33;policy;Cambridgeshire Ergonomic;2021-12-25;indigo Lithuania
74;transmit;mint;2021-12-25;Product
59;plum back-end Response;Grass-roots Fish Chief;2021-12-25;implement methodology
ac;ADP mindshare;envisioneer Loan;2021-12-25;Gorgeous port Glens
