cocode;costs;conam;cocbei;conbei;cosat;conom;coisin;conpwp;coseri;colshm;colsks;cotshm;codshm;conote_1;conote_2;conote_3;coskps;cothld;codir_1;codir_2;codir_3;codir_4;codir_5;colmd;couid
d1912c73-9;Expanded bandwidth Refined;Islands;Licens;Central real-time interactive;Tuna Key;95443;utilize pricing;reboot;Checking Dinar;47913;79675;73160;9022;Balboa bi-directional;navigating;bypassing;94632;95419;ivory;Liaison Account;Virtual markets;Refined pink Clothing;Keyboard Alabama proactive;2021-12-25;card
c37a7e41-a;revolutionary Lithuanian pixel;convergence;Polari;Colorado SMTP;secondary;95606;Fantastic purpl;Place calculating;Rupee Program;78637;55267;86930;56071;dynamic lime exploit;Group Cove;lime;99885;86418;Incredible Maryland;ivory Accounts 1080p;XML;cultivate;silver;2021-12-25;Markets Omani
d5b73b38-5;Orchestrator;mesh yellow deposit;maroon;indexing Right-sized;cross-platform ;71472;moderator;bifurcated Buckingha;Dinar Mouse Burundi;62928;42950;31348;38485;hack;Specialist;Guam Andorra USB;73330;41394;Architect;white Research;Refined;wireless primary state;SSL compressing Agent;2021-12-25;invoice Forward
90ce5d52-1;visualize Idaho;quantifying Tobago;purple;Kina District Nevada;connecting Slee;51177;Loan;Streets Planner;haptic solutions Handmade;26397;11075;29512;91759;Indiana Buckinghamshire;array;Computer Cotton;81561;59275;Health Human;matrix strategic Forest;incentivize Regional Small;customized Ngultrum;Tugrik;2021-12-25;Movies
89814c3d-1;Keyboard;Baby;model;Multi-layered Diverse;cross-platform ;69095;Generic Functio;Principal orchid;calculate reboot Open-source;9194;41385;80632;94420;RSS primary;panel Operations;JSON Table;26124;44569;User-centric;multi-byte;Manat input deposit;JBOD Denmark cross-platform;Hryvnia hard SCSI;2021-12-24;copying Cape Paradigm
fac2ced8-f;unleash Avon core;Personal architectures;Louisi;Wyoming;cyan synthesize;78240;Netherlands Per;Steel Bedfordshire M;application Account;39291;69123;38463;53935;Rubber Orchestrator;PNG Loan;optical Focused calculating;40125;94358;Darussalam mission-critical;olive;JBOD quantify Fish;Cambridgeshire Steel;Refined Assurance withdrawal;2021-12-25;Dynamic Monitored Profound
0c26cfe7-8;olive Steel;Guadeloupe;Integr;hacking Keyboard;Architect Accou;93240;Associate Orche;Representative;Account Gateway;61085;22138;66290;57419;pink bypassing Concrete;infrastructure homogeneous;Applications Distributed;5809;3441;input Books;black orchestrate innovate;Steel;withdrawal end-to-end;AI Vermont;2021-12-25;methodology
3f0aac71-c;Krone;port Steel;intera;Licensed;Loaf;48183;Pound Small rei;Home California;Hryvnia lime;38131;59644;59430;498;Product multi-state client-server;visualize;Sleek Agent Expressway;47849;40350;Representative Dynamic;reboot payment Rustic;RSS;Ergonomic interactive program;Specialist;2021-12-25;Automotive innovative
521b9a72-d;synthesizing;Brand green payment;system;COM;Web system Ball;81680;SMTP Central;Metal;driver;40345;20402;42600;11135;Strategist generate card;Account proactive Knolls;B2B;18553;17939;Cheese copy Pizza;seize;even-keeled Baby;compress South Market;bluetooth;2021-12-25;visualize
2aeda142-1;synergize radical;Multi-channelled;BCEAO ;EXE;high-level 1080;10553;Idaho;explicit Granite por;cross-platform;33467;88551;671;46961;knowledge;Uganda New Soft;Direct;99981;15268;Bedfordshire tan Account;SAS envisioneer bus;upward-trending SMTP;open-source Granite;transition Steel;2021-12-25;grey Shoes Maine
