jshcod;jshsts;jshnam;jshlmd;jshuid
b;Direct Agent;Dollar;2021-12-25;Cambridgeshire Planner
f;structure;index;2021-12-25;Metrics
4;transmitting bypassing;Engineer schemas deposit;2021-12-25;Account
6;green maximize Architect;optical;2021-12-25;bleeding-edge
7;Table firewall lime;Lake Branding;2021-12-25;Global sexy lime
8;Central;Cotton Yemeni Cliff;2021-12-25;District
0;Bedfordshire;Market;2021-12-25;Officer
1;Soft engineer;Forward;2021-12-25;Towels Grove architect
b;Chicken;Cambridgeshire;2021-12-25;deliver Health
f;Avon Berkshire;Metal Buckinghamshire;2021-12-25;Inverse Tunisia
