jpscod;jpssts;jpsnam;jpslmd;jpsuid
4;Investor;multi-tasking Rufiyaa;2021-12-25;Bedfordshire
6;haptic ivory;Drive;2021-12-25;Indiana Plaza user-centric
5;Borders RSS Pataca;multimedia;2021-12-25;stable
4;Cambridgeshire;blue cutting-edge Account;2021-12-25;deposit Wells
1;override;calculate;2021-12-25;Salad Forward SQL
3;transform back-end;composite;2021-12-24;Orchestrator
c;Buckinghamshire Loan Computer;Borders;2021-12-25;grid-enabled improvement
c;Island Regional;bifurcated Direct;2021-12-25;Avon Austria Soft
d;Dollar;Solutions;2021-12-25;HTTP Advanced
c;action-items;bypassing;2021-12-25;Cheese Card knowledge
