kabcod;kabsts;kabnam;kablmd;kabuid
32bc;Technician Kansas;models SQL;2021-12-25;supply-chains
75e8;connect Serbia;Garden Small Car;2021-12-25;payment Technician Dynamic
2cbc;neutral Analyst Direct;program Wooden;2021-12-25;whiteboard synergistic
3a6c;Trinidad;Rubber Adaptive Ergonomic;2021-12-25;Cotton back-end cultivate
afd5;Agent Account;Republic Metal Sports;2021-12-25;Expressway EXE enable
17c2;Avon HDD;Guinea COM;2021-12-25;Games
7a0a;Outdoors dynamic deposit;Lari;2021-12-25;orchestrate
749f;protocol application;Games;2021-12-25;Bacon Handcrafted mobile
29f7;invoice Coordinator;Syrian interfaces;2021-12-25;interface Unbranded Market
616b;Frozen;Engineer Associate;2021-12-25;Creative connecting
