negcod;negsts;negnam;negtax;neglmd;neguid
56dd;Web repurpose relationships;digital;16210;2021-12-25;monitor Ecuador
69a8;Seychelles Fresh application;knowledge compressing;87703;2021-12-25;blockchains
09f9;encompassing connecting;Ameliorated sensor Afghanistan;69164;2021-12-25;Salad Sierra Loti
0bd2;technologies;deposit SQL foreground;40196;2021-12-25;Avon navigating
2814;for interfaces;revolutionize;63681;2021-12-25;TCP
fc4e;Refined Polarised;JBOD Leone Marketing;78908;2021-12-25;contingency Pants Licensed
69a6;Yen Unbranded;composite;22221;2021-12-25;initiatives compress synthesizing
c80b;Account;Operations digital infrastructures;80275;2021-12-25;mission-critical Orchestrator Unbranded
3e7c;infomediaries and;overriding override Digitized;72792;2021-12-25;navigating payment
9b59;structure;PCI Metrics;6575;2021-12-25;Washington microchip
