tpacode;tpasts;tpanam;tparek;tpadis;tpalmd;tpauid
8400451c-4;Garden Seychelles;infrastructures;Ball content-based;2021-12-25;2021-12-25;Dong
6d33a596-7;ubiquitous input;syndicate Computer;programming digital Multi-tier;2021-12-24;2021-12-25;Bosnia Buckinghamshire
dfce6f16-0;Equatorial;Implementation Realigned facilitate;Indian Burundi Direct;2021-12-25;2021-12-25;Account Hills
011f3376-0;Ergonomic Shoes;Plaza cutting-edge;benchmark quantifying;2021-12-25;2021-12-25;virtual
8cea65b0-5;Anguilla;Sports;mindshare ivory;2021-12-25;2021-12-25;Communications Alabama Investor
cf8184ff-8;whiteboard;functionalities deposit;Grove wireless;2021-12-25;2021-12-25;schemas
0676589a-6;to Strategist Dynamic;Facilitator tan;bandwidth Account;2021-12-25;2021-12-25;revolutionary
f025a2bc-6;impactful;Integration disintermediate copying;Gambia;2021-12-25;2021-12-25;Concrete
17dd77b5-5;infomediaries neural Rustic;Zloty;Azerbaijanian Infrastructure e;2021-12-25;2021-12-25;Kansas
edbcd16d-7;haptic Michigan hybrid;purple Dam;Representative Maryland portal;2021-12-25;2021-12-25;Bedfordshire Grocery 1080p
