provcod;provsts;provnam;provlmd;provuid
183c;Pennsylvania;Soft;2021-12-25;incubate facilitate scalable
47eb;New payment Sports;Technician;2021-12-24;Tasty
ab3c;Rapids Loan;Illinois Optimization alarm;2021-12-25;Consultant
7ede;JBOD 24/7 driver;coherent Music;2021-12-25;deposit wireless Handmade
493a;National black algorithm;Mouse;2021-12-25;facilitate bypass Books
2ffc;Home synthesize Metrics;redundant;2021-12-25;Small
1fc0;generation Marks deliverables;deposit Norway;2021-12-25;Concrete parse Soap
6f1e;Supervisor;Money Pants Specialist;2021-12-25;Card
a63d;withdrawal Investment leading-edge;Summit;2021-12-25;ROI overriding Frozen
8993;HTTP envisioneer;dynamic Internal Montana;2021-12-25;Berkshire deposit
