tpscod;tpssts;tpsnam;tpslmd;tpsuid
4;database Personal;back-end orange scalable;2021-12-24;parsing
6;haptic;e-business Data Brazilian;2021-12-25;Island
7;Credit Refined;networks;2021-12-25;navigating Cambridgeshire redundant
a;magnetic Borders;calculating Island Libyan;2021-12-25;Jordanian Movies auxiliary
b;pixel Pants;heuristic withdrawal Aruban;2021-12-25;circuit
6;help-desk Towels matrix;Jewelery Account Personal;2021-12-25;deposit bypassing
e;Object-based South;Cuban;2021-12-25;empower grey
7;up Home;Wisconsin;2021-12-25;Pines
2;Franc Maine;Hat Tobago Vision-oriented;2021-12-24;Dynamic Global Incredible
e;compress Consultant generating;Games;2021-12-24;Direct emulation Berkshire
